上海,中华商务网,http://www.chinaccm.cn/PriceData/PriceData.aspx?Type=DATA_NATIONALPRICE%2c国内价格&Cata=1&scode=350204&limit=Grade%2cADC12%3bLocalityName%2c上海%3b&cdtion=&dshow=Date%2cSuppName%2cSpec%2cSpecModelName%2cGrade%2cPrice%2cPriceXXChange%2cBottomPrice%2cHighPrice%2cAvgPrice%2cAvgPriceXXChange%2cProvinceName%2cPriceTell%2cPriceUnit%2cMarketName%2cAreaName%2cCityName%2cPortName%2cLocalityName%2cContract%2cPlaceOfDelivery%2cMarks%2cMainPrice
上海,中华商务网,http://www.chinaccm.cn/PriceData/PriceData.aspx?Type=DATA_NATIONALPRICE%2c国内价格&Cata=1&scode=350204&limit=LocalityName%2c上海%3bGrade%2cZLD102%3b&cdtion=&dshow=Date%2cSuppName%2cSpec%2cSpecModelName%2cGrade%2cPrice%2cPriceXXChange%2cBottomPrice%2cHighPrice%2cAvgPrice%2cAvgPriceXXChange%2cProvinceName%2cPriceTell%2cPriceUnit%2cMarketName%2cAreaName%2cCityName%2cPortName%2cLocalityName%2cContract%2cPlaceOfDelivery%2cMarks%2cMainPrice
上海,中华商务网,http://www.chinaccm.cn/PriceData/PriceData.aspx?scode=350302
上海,中华商务网,http://www.chinaccm.cn/PriceData/PriceData.aspx?scode=350302
上海,中华商务网,http://www.chinaccm.cn/pricedata/PriceData.aspx?scode=35050403
上海,中华商务网,http://www.chinaccm.cn/pricedata/PriceData.aspx?Type=DATA_NATIONALPRICE%2c国内价格&Cata=1&scode=21010301&limit=MarketName%2c无锡%3bManuName%2c中天%3b&cdtion=&dshow=Date%2cAreaName%2cProvinceName%2cMarketName%2cSuppName%2cMaterial%2cSpec%2cPrice%2cPriceXXChange%2cUnit%2cPriceUnit%2cManuName%2cPriceType%2cMarks
上海,中华商务网,http://www.chinaccm.cn/pricedata/PriceData.aspx?Type=DATA_NATIONALPRICE%2c国内价格&Cata=1&scode=21010301&limit=MarketName%2c无锡%3bManuName%2c常州岩松%3bSpec%2c1.5*(174-295)*C%3b&cdtion=&dshow=Date%2cAreaName%2cProvinceName%2cMarketName%2cSuppName%2cMaterial%2cSpec%2cPrice%2cPriceXXChange%2cUnit%2cPriceUnit%2cManuName%2cPriceType%2cMarks
上海,中华商务网,http://www.chinaccm.cn/PriceData/PriceData.aspx?Type=DATA_NATIONALPRICE%2c国内价格&Cata=1&scode=21030301&limit=Spec%2c32*3%3b&dshow=Date%2cAreaName%2cProvinceName%2cMarketName%2cSuppName%2cMaterial%2cSpec%2cPrice%2cPriceXXChange%2cUnit%2cPriceUnit%2cManuName%2cPriceType%2cMarks
上海,中华商务网,http://www.chinaccm.cn/PriceData/PriceData.aspx?Type=DATA_NATIONALPRICE%2c国内价格&Cata=1&scode=220201&limit=Material%2cB35A300%3b&dshow=Date%2cMarketName%2cSuppName%2cMaterial%2cSpec%2cPrice%2cPriceXXChange%2cUnit%2cPriceUnit%2cLocalityName%2cManuName%2cMarks
上海,中华商务网,http://www.chinaccm.cn/PriceData/PriceData.aspx?Type=DATA_NATIONALPRICE%2c国内价格&Cata=1&scode=240107&limit=Material%2c35K%3bManuName%2c邢钢%3b&dshow=Date%2cAreaName%2cMarketName%2cSuppName%2cMaterial%2cSpec%2cPrice%2cPriceXXChange%2cUnit%2cPriceUnit%2cManuName
上海,中华商务网,http://www.chinaccm.cn/PriceData/PriceData.aspx?Type=DATA_NATIONALPRICE%2c国内价格&Cata=1&scode=24020301&limit=ManuName%2c南钢%3bMarketName%2c常州%3bSpec%2cφ6.5%3b&dshow=Date%2cAreaName%2cMarketName%2cSuppName%2cMaterial%2cSpec%2cPrice%2cPriceXXChange%2cUnit%2cPriceUnit%2cManuName%2cCityName%2cStandard%2cPriceTell%2cMarks
上海,中华商务网,http://www.chinaccm.cn/PriceData/PriceData.aspx?Type=DATA_NATIONALPRICE%2c国内价格&Cata=1&scode=3408&limit=SpecTypeName%2c全乳胶%3bAreaName%2c华东%3b&dshow=AreaName%2cSuppName%2cSpecTypeName%2cDate%2cPrice%2cPriceXXChange%2cPriceUnit%2cPriceType%2cMarks
上海,中华商务网,http://www.chinaccm.cn/PriceData/PriceData.aspx?scode=341301
上海,中华商务网,http://www.chinaccm.cn/PriceData/PriceData.aspx?Type=DATA_NATIONALPRICE%2c国内价格&Cata=1&scode=300807&limit=ManuName%2c齐鲁石化%3bGrade%2cS1000%3b&dshow=Date%2cSuppName%2cAreaName%2cSpec%2cGrade%2cManuName%2cPrice%2cBottomPrice%2cHighPrice%2cPriceXXChange%2cAvgPriceXXChange%2cPriceUnit%2cPriceType%2cMarks
上海,中华商务网,http://www.chinaccm.cn/PriceData/PriceData.aspx?Type=DATA_NATIONALPRICE%2c国内价格&Cata=1&scode=3401&limit=ManuName%2c燕山石化%3bGrade%2cK8303%3b&dshow=SuppName%2cAreaName%2cSales%2cManuName%2cGrade%2cUseing%2cDate%2cPriceXXChange%2cPrice%2cPriceUnit%2cPriceType%2cMarks
上海,中华商务网,http://www.chinaccm.cn/PriceData/PriceData.aspx?Type=DATA_NATIONALPRICE%2c国内价格&Cata=1&scode=3401&limit=ManuName%2c燕山石化%3bGrade%2cK7726%3b&cdtion=&dshow=SuppName%2cAreaName%2cSales%2cManuName%2cGrade%2cUseing%2cDate%2cPriceXXChange%2cPrice%2cPriceUnit%2cPriceType%2cMarks
上海,中华商务网,http://www.chinaccm.cn/PriceData/PriceData.aspx?Type=DATA_NATIONALPRICE%2c国内价格&Cata=1&scode=3401&limit=Grade%2cM250E%3b&cdtion=&dshow=SuppName%2cAreaName%2cSales%2cManuName%2cGrade%2cUseing%2cDate%2cPriceXXChange%2cPrice%2cPriceUnit%2cPriceType%2cMarks
上海,中华商务网,http://www.chinaccm.cn/PriceData/PriceData.aspx?Type=DATA_NATIONALPRICE%2c国内价格&Cata=1&scode=3402&limit=ManuName%2c扬子石化%3bGrade%2c7042%3b&dshow=Sales%2cManuName%2cSuppName%2cSpecTypeName%2cGrade%2cUseing%2cDate%2cPriceXXChange%2cPrice%2cPriceUnit%2cPriceType%2cMarks
上海,中华商务网,http://www.chinaccm.cn/PriceData/PriceData.aspx?Type=DATA_NATIONALPRICE%2c国内价格&Cata=1&scode=3404&limit=Grade%2cHI-121H%3b&dshow=ManuName%2cSuppName%2cGrade%2cDate%2cPriceXXChange%2cPrice%2cPriceUnit%2cPriceType%2cMarks
上海,中华商务网,http://www.chinaccm.cn/PriceData/PriceData.aspx?Type=DATA_NATIONALPRICE%2c国内价格&Cata=1&scode=3404&limit=ManuName%2c镇江奇美%3bGrade%2cPA-707K%3b&cdtion=&dshow=ManuName%2cSuppName%2cGrade%2cDate%2cPriceXXChange%2cPrice%2cPriceUnit%2cPriceType%2cMarks
上海,中华商务网,http://www.chinaccm.cn/PriceData/PriceData.aspx?Type=DATA_NATIONALPRICE%2c国内价格&Cata=1&scode=3404&limit=Grade%2cPA-757K%3b&dshow=ManuName%2cSuppName%2cGrade%2cDate%2cPriceXXChange%2cPrice%2cPriceUnit%2cPriceType%2cMarks
上海,中华商务网,http://www.chinaccm.cn/PriceData/PriceData.aspx?Type=DATA_NATIONALPRICE%2c国内价格&Cata=1&scode=341402&limit=ManuName%2c江苏华洋%3b&dshow=ManuName%2cSuppName%2cGrade%2cDate%2cPrice%2cPriceUnit%2cPriceType
上海,中华商务网,http://www.chinaccm.cn/PriceData/PriceData.aspx?Type=DATA_NATIONALPRICE%2c%u56fd%u5185%u4ef7%u683c&Cata=1&scode=341406&limit=ManuName%2c%u4e50%u5929%u77f3%u5316%3b&cdtion=&dshow=ManuName%2cSuppName%2cGrade%2cDate%2cPrice%2cPriceUnit%2cPriceType%2cMarks
上海,中华商务网,http://www.chinaccm.cn/PriceData/PriceData.aspx?Type=DATA_NATIONALPRICE%2c国内价格&Cata=1&scode=341406&limit=ManuName%2c科思创%3b&cdtion=&dshow=ManuName%2cSuppName%2cGrade%2cDate%2cPrice%2cPriceUnit%2cPriceType%2cMarks
上海,中华商务网,http://www.chinaccm.cn/PriceData/PriceData.aspx?Type=DATA_NATIONALPRICE%2c国内价格&Cata=1&scode=341405&limit=ManuName%2c镇江奇美%3b&cdtion=&dshow=ManuName%2cSuppName%2cGrade%2cDate%2cPrice%2cPriceUnit%2cPriceType%2cMarks
上海,中华商务网,http://www.chinaccm.cn/PriceData/PriceData.aspx?Type=DATA_NATIONALPRICE%2c国内价格&Cata=1&scode=301401&limit=AreaName%2c华东%3bSpec%2c44V20、M20S%3b&cdtion=&dshow=SuppName%2cDate%2cManuName%2cPrice%2cAreaName%2cSpec%2cBottomPrice%2cHighPrice%2cAvgPriceXXChange%2cPriceType%2cPriceUnit
上海,中华商务网,http://www.chinaccm.cn/pricedata/PriceData.aspx?Type=DATA_NATIONALPRICE%2c%u56fd%u5185%u4ef7%u683c&Cata=1&scode=280803&limit=SpecTypeName%2c%u91d1%u7ea2%u77f3%u578b%3bProvinceName%2c%u6c5f%u82cf%3bManuName%2c%u5357%u4eac%u949b%u767d%3b&cdtion=&dshow=Date%2cSuppName%2cSpecTypeName%2cLocalityName%2cDLevel%2cSpec%2cProvinceName%2cManuName%2cGrade%2cBottomPrice%2cHighPrice%2cAvgPrice%2cAvgPriceXXChange%2cPriceUnit%2cPriceTell%2cPriceType
上海,中华商务网,http://www.chinaccm.cn/PriceData/PriceData.aspx?Type=DATA_NATIONALPRICE%2c%u56fd%u5185%u4ef7%u683c&Cata=1&scode=28120307&limit=Spec%2c0.99%3b&cdtion=&dshow=Date%2cSuppName%2cSpec%2cCityName%2cBottomPrice%2cHighPrice%2cAvgPrice%2cAvgPriceXXChange%2cPriceUnit%2cPriceTell%2cPriceType
上海,中华商务网,http://www.chinaccm.cn/PriceData/PriceData.aspx?Type=DATA_NATIONALPRICE%2c国内价格&Cata=1&scode=371105&limit=AreaName%2c华东%3bManuName%2c江苏理文%3b&cdtion=12019-01-18%2422019-02-24%24&dshow=Date%2cSuppName%2cAreaName%2cManuName%2cBrand%2cSpec%2cBottomPrice%2cHighPrice%2cAvgPrice%2cAvgPriceXXChange%2cPriceUnit%2cPriceType%2cQuality
上海,中华商务网,http://www.chinaccm.cn/PriceData/PriceData.aspx?Type=DATA_NATIONALPRICE%2c%u56fd%u5185%u4ef7%u683c&Cata=1&scode=37110301&limit=Brand%2c%u7396%u9f99%3b&dshow=Date%2cSuppName%2cAreaName%2cManuName%2cBrand%2cSpec%2cBottomPrice%2cHighPrice%2cAvgPrice%2cAvgPriceXXChange%2cPriceUnit%2cPriceType%2cQuality
上海,中华商务网,http://www.chinaccm.cn/PriceData/PriceData.aspx?Type=DATA_NATIONALPRICE%2c%u56fd%u5185%u4ef7%u683c&Cata=1&scode=371001&limit=Brand%2c%u795e%u76fe%3bAreaName%2c%u534e%u4e1c%3b&dshow=Date%2cSuppName%2cAreaName%2cManuName%2cBrand%2cSpec%2cBottomPrice%2cHighPrice%2cAvgPrice%2cAvgPriceXXChange%2cPriceUnit%2cPriceType
上海,上海有色网,https://hq.smm.cn/tong/category/201102250376
上海,上海有色网,https://hq.smm.cn/lv/category/201102250311
上海,上海有色网,https://hq.smm.cn/qian/category/201102250211
上海,上海有色网,https://hq.smm.cn/xin/category/201102250173
上海,上海有色网,https://hq.smm.cn/nie/category/201102250239