北京市,./Datas/XingRi/AjaxDatas/北京市.ajax
天津市,./Datas/XingRi/AjaxDatas/天津市.ajax
河北省,./Datas/XingRi/AjaxDatas/河北省.ajax
山西省,./Datas/XingRi/AjaxDatas/山西省.ajax
内蒙古自治区,./Datas/XingRi/AjaxDatas/内蒙古自治区.ajax
辽宁省,./Datas/XingRi/AjaxDatas/辽宁省.ajax
吉林省,./Datas/XingRi/AjaxDatas/吉林省.ajax
黑龙江省,./Datas/XingRi/AjaxDatas/黑龙江省.ajax
上海市,./Datas/XingRi/AjaxDatas/上海市.ajax
江苏省,./Datas/XingRi/AjaxDatas/江苏省.ajax
浙江省,./Datas/XingRi/AjaxDatas/浙江省.ajax
安徽省,./Datas/XingRi/AjaxDatas/安徽省.ajax
福建省,./Datas/XingRi/AjaxDatas/福建省.ajax
江西省,./Datas/XingRi/AjaxDatas/江西省.ajax
山东省,./Datas/XingRi/AjaxDatas/山东省.ajax
河南省,./Datas/XingRi/AjaxDatas/河南省.ajax
湖北省,./Datas/XingRi/AjaxDatas/湖北省.ajax
湖南省,./Datas/XingRi/AjaxDatas/湖南省.ajax
广东省,./Datas/XingRi/AjaxDatas/广东省.ajax
广西壮族自治区,./Datas/XingRi/AjaxDatas/广西壮族自治区.ajax
海南省,./Datas/XingRi/AjaxDatas/海南省.ajax
重庆市,./Datas/XingRi/AjaxDatas/重庆市.ajax
四川省,./Datas/XingRi/AjaxDatas/四川省.ajax
贵州省,./Datas/XingRi/AjaxDatas/贵州省.ajax
云南省,./Datas/XingRi/AjaxDatas/云南省.ajax
西藏自治区,./Datas/XingRi/AjaxDatas/西藏自治区.ajax
陕西省,./Datas/XingRi/AjaxDatas/陕西省.ajax
甘肃省,./Datas/XingRi/AjaxDatas/甘肃省.ajax
青海省,./Datas/XingRi/AjaxDatas/青海省.ajax
宁夏回族自治区,./Datas/XingRi/AjaxDatas/宁夏回族自治区.ajax
新疆维吾尔自治区,./Datas/XingRi/AjaxDatas/新疆维吾尔自治区.ajax